{"#select":{"columns":[
   {"name":"http_type","kind":"String"}
  ,{"name":"serviceCallCFSource","kind":"String"}
  ,{"name":"sourceNF","kind":"String"}
  ,{"name":"serviceCallFunction","kind":"String"}
  ,{"name":"targetNF","kind":"String"}
  ,{"name":"targetPath","kind":"String"}
  ,{"name":"targetRootPath","kind":"String"}]
 ,"tuples":[
   ["GET","ogs_sbi_discover_and_send","ogs","ogs_nnrf_disc_build_discover","nrf","nf-instances","{apiRoot}/nnrf-disc/v1"]
  ,["GET","amf_namf_callback_handle_sm_context_status","amf","amf_nnssf_nsselection_build_get","nssf","network-slice-information","{apiRoot}/nnssf-nsselection/v2"]
  ,["GET","amf_namf_callback_handle_sm_context_status","amf","amf_nudm_sdm_build_get","udm","$Pointer:supi/am-data","{apiRoot}/nudm-sdm/v2"]
  ,["GET","amf_namf_callback_handle_sm_context_status","amf","amf_nudm_sdm_build_get","udm","$Pointer:supi/smf-select-data","{apiRoot}/nudm-sdm/v2"]
  ,["GET","amf_namf_callback_handle_sm_context_status","amf","amf_nudm_sdm_build_get","udm","$Pointer:supi/ue-context-in-smf-data","{apiRoot}/nudm-sdm/v2"]
  ,["GET","amf_nsmf_pdusession_handle_update_sm_context","amf","amf_nnssf_nsselection_build_get","nssf","network-slice-information","{apiRoot}/nnssf-nsselection/v2"]
  ,["GET","amf_nsmf_pdusession_handle_update_sm_context","amf","amf_nudm_sdm_build_get","udm","$Pointer:supi/am-data","{apiRoot}/nudm-sdm/v2"]
  ,["GET","amf_nsmf_pdusession_handle_update_sm_context","amf","amf_nudm_sdm_build_get","udm","$Pointer:supi/smf-select-data","{apiRoot}/nudm-sdm/v2"]
  ,["GET","amf_nsmf_pdusession_handle_update_sm_context","amf","amf_nudm_sdm_build_get","udm","$Pointer:supi/ue-context-in-smf-data","{apiRoot}/nudm-sdm/v2"]
  ,["GET","amf_nudm_sdm_handle_provisioned","amf","amf_nudm_sdm_build_get","udm","$Pointer:supi/am-data","{apiRoot}/nudm-sdm/v2"]
  ,["GET","amf_nudm_sdm_handle_provisioned","amf","amf_nudm_sdm_build_get","udm","$Pointer:supi/smf-select-data","{apiRoot}/nudm-sdm/v2"]
  ,["GET","amf_nudm_sdm_handle_provisioned","amf","amf_nudm_sdm_build_get","udm","$Pointer:supi/ue-context-in-smf-data","{apiRoot}/nudm-sdm/v2"]
  ,["GET","pcf_npcf_smpolicycontrol_handle_create","pcf","pcf_nudr_dr_build_query_sm_data","udr","policy-data/ues/$Pointer:supi/sm-data","{apiRoot}/nudr-dr/v1"]
  ,["GET","pcf_npcf_am_policy_contrtol_handle_create","pcf","pcf_nudr_dr_build_query_am_data","udr","policy-data/ues/$Pointer:supi/am-data","{apiRoot}/nudr-dr/v1"]
  ,["GET","smf_sess_add_by_sbi_message","smf","smf_nudm_sdm_build_get","udm","$Pointer:supi/sm-data","{apiRoot}/nudm-sdm/v2"]
  ,["GET","udm_nudm_ueau_handle_get","udm","udm_nudr_dr_build_authentication_subscription","udr","subscription-data/$Pointer:supi/authentication-data/authentication-subscription","{apiRoot}/nudr-dr/v1"]
  ,["POST","ogs_sbi_discover_and_send","ogs","ogs_nnrf_nfm_build_status_subscribe","nrf","nf-status-notify/subscriptions","{apiRoot}/nnrf-nfm/v1"]
  ,["POST","amf_namf_callback_handle_sm_context_status","amf","amf_nausf_auth_build_authenticate","ausf","ue-authentications","{apiRoot}/nausf-auth/v1"]
  ,["POST","amf_namf_callback_handle_sm_context_status","amf","amf_npcf_am_policy_control_build_create","pcf","$Pointer:supi/policies/am-policy-notify","{apiRoot}/npcf-am-policy-control/v1"]
  ,["POST","amf_namf_callback_handle_sm_context_status","amf","amf_npcf_am_policy_control_build_create","pcf","$Pointer:supi/policies/am-policy-notify","{apiRoot}/namf-callback/v1"]
  ,["POST","amf_namf_callback_handle_sm_context_status","amf","amf_nudm_sdm_build_subscription","udm","$Pointer:supi/sdm-subscriptions/sdmsubscription-notify","{apiRoot}/nudm-sdm/v2"]
  ,["POST","amf_namf_callback_handle_sm_context_status","amf","amf_nudm_sdm_build_subscription","udm","$Pointer:supi/sdm-subscriptions/sdmsubscription-notify","{apiRoot}/namf-callback/v1"]
  ,["POST","amf_namf_callback_handle_sm_context_status","amf","amf_nudm_sdm_build_subscription","udm","$Pointer:supi/sdm-subscriptions/sdmsubscription-notify","{apiRoot}/nudm-sdm/v1"]
  ,["POST","amf_namf_callback_handle_sm_context_status","amf","amf_nudm_sdm_build_subscription","udm","$Pointer:supi/sdm-subscriptions/sdmsubscription-notify","{apiRoot}/namf-callback/v2"]
  ,["POST","amf_namf_callback_handle_sm_context_status","amf","amf_nsmf_pdusession_build_release_sm_context","smf","sm-contexts/$Pointer:sm_context_ref/release","{apiRoot}/nsmf-pdusession/v1"]
  ,["POST","amf_namf_callback_handle_sm_context_status","amf","amf_nsmf_pdusession_build_update_sm_context","smf","sm-contexts/$Pointer:sm_context_ref/modify","{apiRoot}/nsmf-pdusession/v1"]
  ,["POST","amf_namf_callback_handle_sm_context_status","amf","amf_nsmf_pdusession_build_create_sm_context","smf","$Pointer:supi/sm-contexts/sm-context-status/$Call:psi","{apiRoot}/namf-callback/v1"]
  ,["POST","amf_namf_callback_handle_sm_context_status","amf","amf_nsmf_pdusession_build_create_sm_context","smf","$Pointer:supi/sm-contexts/sm-context-status/$Call:psi","{apiRoot}/nsmf-pdusession/v1"]
  ,["POST","amf_nsmf_pdusession_handle_update_sm_context","amf","amf_nausf_auth_build_authenticate","ausf","ue-authentications","{apiRoot}/nausf-auth/v1"]
  ,["POST","amf_nsmf_pdusession_handle_update_sm_context","amf","amf_npcf_am_policy_control_build_create","pcf","$Pointer:supi/policies/am-policy-notify","{apiRoot}/npcf-am-policy-control/v1"]
  ,["POST","amf_nsmf_pdusession_handle_update_sm_context","amf","amf_npcf_am_policy_control_build_create","pcf","$Pointer:supi/policies/am-policy-notify","{apiRoot}/namf-callback/v1"]
  ,["POST","amf_nsmf_pdusession_handle_update_sm_context","amf","amf_nudm_sdm_build_subscription","udm","$Pointer:supi/sdm-subscriptions/sdmsubscription-notify","{apiRoot}/nudm-sdm/v2"]
  ,["POST","amf_nsmf_pdusession_handle_update_sm_context","amf","amf_nudm_sdm_build_subscription","udm","$Pointer:supi/sdm-subscriptions/sdmsubscription-notify","{apiRoot}/namf-callback/v1"]
  ,["POST","amf_nsmf_pdusession_handle_update_sm_context","amf","amf_nudm_sdm_build_subscription","udm","$Pointer:supi/sdm-subscriptions/sdmsubscription-notify","{apiRoot}/nudm-sdm/v1"]
  ,["POST","amf_nsmf_pdusession_handle_update_sm_context","amf","amf_nudm_sdm_build_subscription","udm","$Pointer:supi/sdm-subscriptions/sdmsubscription-notify","{apiRoot}/namf-callback/v2"]
  ,["POST","amf_nsmf_pdusession_handle_update_sm_context","amf","amf_nsmf_pdusession_build_release_sm_context","smf","sm-contexts/$Pointer:sm_context_ref/release","{apiRoot}/nsmf-pdusession/v1"]
  ,["POST","amf_nsmf_pdusession_handle_update_sm_context","amf","amf_nsmf_pdusession_build_update_sm_context","smf","sm-contexts/$Pointer:sm_context_ref/modify","{apiRoot}/nsmf-pdusession/v1"]
  ,["POST","amf_nsmf_pdusession_handle_update_sm_context","amf","amf_nsmf_pdusession_build_create_sm_context","smf","$Pointer:supi/sm-contexts/sm-context-status/$Call:psi","{apiRoot}/namf-callback/v1"]
  ,["POST","amf_nsmf_pdusession_handle_update_sm_context","amf","amf_nsmf_pdusession_build_create_sm_context","smf","$Pointer:supi/sm-contexts/sm-context-status/$Call:psi","{apiRoot}/nsmf-pdusession/v1"]
  ,["POST","amf_nnssf_nsselection_handle_get","amf","amf_nsmf_pdusession_build_create_sm_context","smf","$Pointer:supi/sm-contexts/sm-context-status/$Call:psi","{apiRoot}/namf-callback/v1"]
  ,["POST","amf_nnssf_nsselection_handle_get","amf","amf_nsmf_pdusession_build_create_sm_context","smf","$Pointer:supi/sm-contexts/sm-context-status/$Call:psi","{apiRoot}/nsmf-pdusession/v1"]
  ,["POST","amf_nudm_sdm_handle_provisioned","amf","amf_npcf_am_policy_control_build_create","pcf","$Pointer:supi/policies/am-policy-notify","{apiRoot}/npcf-am-policy-control/v1"]
  ,["POST","amf_nudm_sdm_handle_provisioned","amf","amf_npcf_am_policy_control_build_create","pcf","$Pointer:supi/policies/am-policy-notify","{apiRoot}/namf-callback/v1"]
  ,["POST","amf_nudm_sdm_handle_provisioned","amf","amf_nudm_sdm_build_subscription","udm","$Pointer:supi/sdm-subscriptions/sdmsubscription-notify","{apiRoot}/nudm-sdm/v2"]
  ,["POST","amf_nudm_sdm_handle_provisioned","amf","amf_nudm_sdm_build_subscription","udm","$Pointer:supi/sdm-subscriptions/sdmsubscription-notify","{apiRoot}/namf-callback/v1"]
  ,["POST","amf_nudm_sdm_handle_provisioned","amf","amf_nudm_sdm_build_subscription","udm","$Pointer:supi/sdm-subscriptions/sdmsubscription-notify","{apiRoot}/nudm-sdm/v1"]
  ,["POST","amf_nudm_sdm_handle_provisioned","amf","amf_nudm_sdm_build_subscription","udm","$Pointer:supi/sdm-subscriptions/sdmsubscription-notify","{apiRoot}/namf-callback/v2"]
  ,["POST","ausf_nausf_auth_handle_authenticate_confirmation","ausf","ausf_nudm_ueau_build_result_confirmation_inform","udm","$Pointer:supi/auth-events","{apiRoot}/nudm-ueau/v1"]
  ,["POST","ausf_nausf_auth_handle_authenticate","ausf","ausf_nudm_ueau_build_get","udm","$Pointer:suci/security-information/generate-auth-data","{apiRoot}/nudm-ueau/v1"]
  ,["POST","nrf_nnrf_handle_nf_update","nrf","nrf_nnrf_nfm_build_nf_status_notify","nrf","nf-instances/$Pointer:id","{apiRoot}/nnrf-nfm/v1"]
  ,["POST","nrf_nnrf_handle_nf_register","nrf","nrf_nnrf_nfm_build_nf_status_notify","nrf","nf-instances/$Pointer:id","{apiRoot}/nnrf-nfm/v1"]
  ,["POST","pcf_npcf_policyauthorization_handle_delete","pcf","pcf_nsmf_callback_build_smpolicycontrol_update","smf","sm-policies/$Pointer:sm_policy_id/update","{apiRoot}/npcf-smpolicycontrol/v1"]
  ,["POST","pcf_npcf_policyauthorization_handle_update","pcf","pcf_nsmf_callback_build_smpolicycontrol_update","smf","sm-policies/$Pointer:sm_policy_id/update","{apiRoot}/npcf-smpolicycontrol/v1"]
  ,["POST","pcf_npcf_policyauthorization_handle_create","pcf","pcf_nsmf_callback_build_smpolicycontrol_update","smf","sm-policies/$Pointer:sm_policy_id/update","{apiRoot}/npcf-smpolicycontrol/v1"]
  ,["POST","pcf_nudr_dr_handle_query_sm_data","pcf","pcf_nbsf_management_build_register","bsf","pcfBindings","{apiRoot}/nbsf-management/v1"]
  ,["POST","pcf_nnrf_handle_nf_discover","pcf","pcf_nbsf_management_build_register","bsf","pcfBindings","{apiRoot}/nbsf-management/v1"]
  ,["POST","smf_nsmf_handle_release_sm_context","smf","smf_npcf_smpolicycontrol_build_delete","pcf","sm-policies/$Pointer:policy_association_id/delete","{apiRoot}/npcf-smpolicycontrol/v1"]
  ,["POST","smf_nsmf_handle_update_sm_context","smf","smf_npcf_smpolicycontrol_build_delete","pcf","sm-policies/$Pointer:policy_association_id/delete","{apiRoot}/npcf-smpolicycontrol/v1"]
  ,["POST","smf_nudm_sdm_handle_get","smf","smf_npcf_smpolicycontrol_build_create","pcf","sm-policies/sm-policy-notify/$Pointer:sm_context_ref","{apiRoot}/npcf-smpolicycontrol/v1"]
  ,["POST","smf_nudm_sdm_handle_get","smf","smf_npcf_smpolicycontrol_build_create","pcf","sm-policies/sm-policy-notify/$Pointer:sm_context_ref","{apiRoot}/nsmf-callback/v1"]
  ,["POST","smf_namf_comm_handle_n1_n2_message_transfer","smf","smf_namf_comm_build_n1_n2_message_transfer","amf","n1-n2-failure-notify/ue-contexts/$Pointer:supi/n1-n2-messages","{apiRoot}/namf-comm/v1"]
  ,["POST","smf_namf_comm_handle_n1_n2_message_transfer","smf","smf_namf_comm_build_n1_n2_message_transfer","amf","n1-n2-failure-notify/ue-contexts/$Pointer:supi/n1-n2-messages","{apiRoot}/nsmf-callback/v1"]
  ,["POST","smf_npcf_smpolicycontrol_handle_terminate_notify","smf","smf_npcf_smpolicycontrol_build_delete","pcf","sm-policies/$Pointer:policy_association_id/delete","{apiRoot}/npcf-smpolicycontrol/v1"]
  ,["POST","smf_npcf_smpolicycontrol_handle_create","smf","smf_namf_comm_build_n1_n2_message_transfer","amf","n1-n2-failure-notify/ue-contexts/$Pointer:supi/n1-n2-messages","{apiRoot}/namf-comm/v1"]
  ,["POST","smf_npcf_smpolicycontrol_handle_create","smf","smf_namf_comm_build_n1_n2_message_transfer","amf","n1-n2-failure-notify/ue-contexts/$Pointer:supi/n1-n2-messages","{apiRoot}/nsmf-callback/v1"]
  ,["POST","smf_npcf_smpolicycontrol_handle_create","smf","smf_npcf_smpolicycontrol_build_delete","pcf","sm-policies/$Pointer:policy_association_id/delete","{apiRoot}/npcf-smpolicycontrol/v1"]
  ,["POST","smf_sess_add_by_sbi_message","amf","amf_nsmf_pdusession_build_update_sm_context","smf","sm-contexts/$Pointer:sm_context_ref/modify","{apiRoot}/nsmf-pdusession/v1"]
  ,["POST","smf_sess_add_by_sbi_message","smf","smf_namf_comm_build_n1_n2_message_transfer","amf","n1-n2-failure-notify/ue-contexts/$Pointer:supi/n1-n2-messages","{apiRoot}/namf-comm/v1"]
  ,["POST","smf_sess_add_by_sbi_message","smf","smf_namf_comm_build_n1_n2_message_transfer","amf","n1-n2-failure-notify/ue-contexts/$Pointer:supi/n1-n2-messages","{apiRoot}/nsmf-callback/v1"]
  ,["POST","smf_sess_add_by_sbi_message","smf","smf_npcf_smpolicycontrol_build_delete","pcf","sm-policies/$Pointer:policy_association_id/delete","{apiRoot}/npcf-smpolicycontrol/v1"]
  ,["POST","smf_sess_add_by_sbi_message","smf","smf_npcf_smpolicycontrol_build_create","pcf","sm-policies/sm-policy-notify/$Pointer:sm_context_ref","{apiRoot}/npcf-smpolicycontrol/v1"]
  ,["POST","smf_sess_add_by_sbi_message","smf","smf_npcf_smpolicycontrol_build_create","pcf","sm-policies/sm-policy-notify/$Pointer:sm_context_ref","{apiRoot}/nsmf-callback/v1"]
  ,["PUT","ogs_sbi_discover_and_send","ogs","ogs_nnrf_nfm_build_register","nrf","nf-instances/$Pointer:id","{apiRoot}/nnrf-nfm/v1"]
  ,["PUT","amf_namf_callback_handle_sm_context_status","amf","amf_nudm_uecm_build_registration","udm","$Pointer:supi/dereg-notify/registrations/amf-3gpp-access","{apiRoot}/namf-callback/v1"]
  ,["PUT","amf_namf_callback_handle_sm_context_status","amf","amf_nudm_uecm_build_registration","udm","$Pointer:supi/dereg-notify/registrations/amf-3gpp-access","{apiRoot}/nudm-uecm/v1"]
  ,["PUT","amf_nsmf_pdusession_handle_update_sm_context","amf","amf_nudm_uecm_build_registration","udm","$Pointer:supi/dereg-notify/registrations/amf-3gpp-access","{apiRoot}/namf-callback/v1"]
  ,["PUT","amf_nsmf_pdusession_handle_update_sm_context","amf","amf_nudm_uecm_build_registration","udm","$Pointer:supi/dereg-notify/registrations/amf-3gpp-access","{apiRoot}/nudm-uecm/v1"]
  ,["PUT","ausf_nausf_auth_handle_authenticate_delete","ausf","ausf_nudm_ueau_build_auth_removal_ind","udm","$Pointer:supi/auth-events","{apiRoot}/nudm-ueau/v1"]
  ,["PUT","udm_nudm_uecm_handle_registration","udm","udm_nudr_dr_build_update_amf_context","udr","subscription-data/$Pointer:supi/context-data/amf-3gpp-access","{apiRoot}/nudr-dr/v1"]
  ,["PUT","udm_nudm_ueau_handle_result_confirmation_inform","udm","udm_nudr_dr_build_update_authentication_status","udr","subscription-data/$Pointer:supi/authentication-data/authentication-status","{apiRoot}/nudr-dr/v1"]
  ,["DELETE","ogs_sbi_discover_and_send","ogs","ogs_nnrf_nfm_build_de_register","nrf","nf-instances/$Pointer:id","{apiRoot}/nnrf-nfm/v1"]
  ,["DELETE","amf_namf_callback_handle_sdm_data_change_notify","amf","amf_npcf_am_policy_control_build_delete","pcf","policies/$Pointer:policy_association_id","{apiRoot}/npcf-am-policy-control/v1"]
  ,["DELETE","amf_namf_callback_handle_sdm_data_change_notify","amf","amf_nudm_sdm_build_subscription_delete","udm","$Pointer:supi/sdm-subscriptions/$Pointer:data_change_subscription_id","{apiRoot}/nudm-sdm/v2"]
  ,["DELETE","amf_namf_callback_handle_dereg_notify","amf","amf_npcf_am_policy_control_build_delete","pcf","policies/$Pointer:policy_association_id","{apiRoot}/npcf-am-policy-control/v1"]
  ,["DELETE","amf_namf_callback_handle_dereg_notify","amf","amf_nudm_sdm_build_subscription_delete","udm","$Pointer:supi/sdm-subscriptions/$Pointer:data_change_subscription_id","{apiRoot}/nudm-sdm/v2"]
  ,["DELETE","amf_namf_callback_handle_sm_context_status","amf","amf_npcf_am_policy_control_build_delete","pcf","policies/$Pointer:policy_association_id","{apiRoot}/npcf-am-policy-control/v1"]
  ,["DELETE","amf_namf_callback_handle_sm_context_status","amf","amf_nudm_sdm_build_subscription_delete","udm","$Pointer:supi/sdm-subscriptions/$Pointer:data_change_subscription_id","{apiRoot}/nudm-sdm/v2"]
  ,["DELETE","amf_nsmf_pdusession_handle_update_sm_context","amf","amf_npcf_am_policy_control_build_delete","pcf","policies/$Pointer:policy_association_id","{apiRoot}/npcf-am-policy-control/v1"]
  ,["DELETE","amf_nsmf_pdusession_handle_update_sm_context","amf","amf_nudm_sdm_build_subscription_delete","udm","$Pointer:supi/sdm-subscriptions/$Pointer:data_change_subscription_id","{apiRoot}/nudm-sdm/v2"]
  ,["DELETE","pcf_npcf_smpolicycontrol_handle_delete","pcf","pcf_nbsf_management_build_de_register","bsf","pcfBindings/$Pointer:binding_id","{apiRoot}/nbsf-management/v1"]
  ,["DELETE","udm_nudm_ueau_handle_result_confirmation_inform","udm","udm_nudr_dr_build_update_authentication_status","udr","subscription-data/$Pointer:supi/authentication-data/authentication-status","{apiRoot}/nudr-dr/v1"]
  ,["PATCH","ogs_sbi_discover_and_send","ogs","ogs_nnrf_nfm_build_update","nrf","nf-instances/$Pointer:id","{apiRoot}/nnrf-nfm/v1"]
  ,["PATCH","amf_namf_callback_handle_sm_context_status","amf","amf_nudm_uecm_build_registration_delete","udm","$Pointer:supi/registrations/amf-3gpp-access","{apiRoot}/nudm-uecm/v1"]
  ,["PATCH","amf_nsmf_pdusession_handle_update_sm_context","amf","amf_nudm_uecm_build_registration_delete","udm","$Pointer:supi/registrations/amf-3gpp-access","{apiRoot}/nudm-uecm/v1"]
  ,["PATCH","udm_nudm_uecm_handle_registration_update","udm","udm_nudr_dr_build_patch_amf_context","udr","subscription-data/$Pointer:supi/context-data/amf-3gpp-access","{apiRoot}/nudr-dr/v1"]
  ,["PATCH","udm_nudm_ueau_handle_get","udm","udm_nudr_dr_build_authentication_subscription","udr","subscription-data/$Pointer:supi/authentication-data/authentication-subscription","{apiRoot}/nudr-dr/v1"]]
 }}
