{"#select":{"columns":[
   {"name":"http_type","kind":"String"}
  ,{"name":"serviceCallCFSource","kind":"String"}
  ,{"name":"sourceNF","kind":"String"}
  ,{"name":"serviceCallFunction","kind":"String"}
  ,{"name":"targetNF","kind":"String"}
  ,{"name":"targetPath","kind":"String"}
  ,{"name":"targetRootPath","kind":"String"}]
 ,"tuples":[
   ["Put","Start","smf","RegisterNFInstance","nrf","/nf-instances/:nfInstanceID","{apiRoot}/nnrf-nfm/v1"]
  ,["Put","Authentication","amf","UeAuthenticationsAuthCtxId5gAkaConfirmationPut","ausf","/ue-authentications/:authCtxId/5g-aka-confirmation","{apiRoot}/nausf-auth/v1"]
  ,["Put","ContextSetup","amf","Register","udm","/:ueId/registrations/amf-non-3gpp-access","{apiRoot}/nudm-uecm/v1"]
  ,["Put","ContextSetup","amf","Registration","udm","/:ueId/registrations/amf-3gpp-access","{apiRoot}/nudm-uecm/v1"]
  ,["Put","Registered","amf","PutUpuAck","udm","/:supi/am-data/upu-ack","{apiRoot}/nudm-sdm/v1"]
  ,["Put","HTTPCreateBDTPolicy","pcf","PolicyDataBdtDataBdtReferenceIdPut","udr","/policy-data/bdt-data/:bdtReferenceId","{apiRoot}/nudr-dr/v1"]
  ,["Put","HTTPUpdateBDTPolicy","pcf","PolicyDataBdtDataBdtReferenceIdPut","udr","/policy-data/bdt-data/:bdtReferenceId","{apiRoot}/nudr-dr/v1"]
  ,["Put","HTTPModify","udm","Updatesdmsubscriptions","udr","/subscription-data/:ueId/context-data/sdm-subscriptions/:subsId","{apiRoot}/nudr-dr/v1"]
  ,["Put","HTTPModifyForSharedData","udm","Updatesdmsubscriptions","udr","/subscription-data/:ueId/context-data/sdm-subscriptions/:subsId","{apiRoot}/nudr-dr/v1"]
  ,["Put","HTTPConfirmAuth","udm","CreateAuthenticationStatus","udr","/subscription-data/:ueId/authentication-data/authentication-status","{apiRoot}/nudr-dr/v1"]
  ,["Put","HTTPRegistrationAmf3gppAccess","udm","CreateAmfContext3gpp","udr","/subscription-data/:ueId/context-data/amf-3gpp-access","{apiRoot}/nudr-dr/v1"]
  ,["Put","HTTPRegistrationAmfNon3gppAccess","udm","CreateAmfContextNon3gpp","udr","/subscription-data/:ueId/context-data/amf-non-3gpp-access","{apiRoot}/nudr-dr/v1"]
  ,["Put","HTTPRegistrationSmfRegistrations","udm","CreateSmfContextNon3gpp","udr","/subscription-data/:ueId/context-data/smf-registrations/:pduSessionId","{apiRoot}/nudr-dr/v1"]
  ,["Get","Authentication","amf","SearchNFInstances","nrf","/nf-instances","{apiRoot}/nnrf-disc/v1"]
  ,["Get","ContextSetup","amf","GetNssai","udm","/:supi/nssai","{apiRoot}/nudm-sdm/v1"]
  ,["Get","ContextSetup","amf","SearchNFInstances","nrf","/nf-instances","{apiRoot}/nnrf-disc/v1"]
  ,["Get","ContextSetup","amf","NSSelectionGet","nssf","/network-slice-information","{apiRoot}/nnssf-nsselection/v1"]
  ,["Get","ContextSetup","amf","GetAmData","udm","/:supi/am-data","{apiRoot}/nudm-sdm/v1"]
  ,["Get","ContextSetup","amf","GetSmfSelectData","udm","/:supi/smf-select-data","{apiRoot}/nudm-sdm/v1"]
  ,["Get","ContextSetup","amf","GetUeContextInSmfData","udm","/:supi/ue-context-in-smf-data","{apiRoot}/nudm-sdm/v1"]
  ,["Get","Registered","amf","SearchNFInstances","nrf","/nf-instances","{apiRoot}/nnrf-disc/v1"]
  ,["Get","Registered","amf","NSSelectionGet","nssf","/network-slice-information","{apiRoot}/nnssf-nsselection/v1"]
  ,["Get","DeRegistered","amf","SearchNFInstances","nrf","/nf-instances","{apiRoot}/nnrf-disc/v1"]
  ,["Get","HTTPUeAuthenticationsPost","ausf","SearchNFInstances","nrf","/nf-instances","{apiRoot}/nnrf-disc/v1"]
  ,["Get","HTTPPoliciesPost","pcf","PolicyDataUesUeIdAmDataGet","udr","/policy-data/ues/:ueId/am-data","{apiRoot}/nudr-dr/v1"]
  ,["Get","HTTPCreateBDTPolicy","pcf","PolicyDataBdtDataGet","udr","/policy-data/bdt-data","{apiRoot}/nudr-dr/v1"]
  ,["Get","HTTPModAppSession","pcf","PolicyDataBdtDataBdtReferenceIdGet","udr","/policy-data/bdt-data/:bdtReferenceId","{apiRoot}/nudr-dr/v1"]
  ,["Get","HTTPPostAppSessions","pcf","PolicyDataBdtDataBdtReferenceIdGet","udr","/policy-data/bdt-data/:bdtReferenceId","{apiRoot}/nudr-dr/v1"]
  ,["Get","HTTPSmPoliciesPost","pcf","PolicyDataUesUeIdSmDataGet","udr","/policy-data/ues/:ueId/sm-data","{apiRoot}/nudr-dr/v1"]
  ,["Get","HTTPUpdate","udm","SearchNFInstances","nrf","/nf-instances","{apiRoot}/nnrf-disc/v1"]
  ,["Get","HTTPGetAmData","udm","SearchNFInstances","nrf","/nf-instances","{apiRoot}/nnrf-disc/v1"]
  ,["Get","HTTPGetAmData","udm","QueryAmData","udr","/subscription-data/:ueId/:servingPlmnId/provisioned-data/am-data","{apiRoot}/nudr-dr/v1"]
  ,["Get","HTTPGetIdTranslationResult","udm","SearchNFInstances","nrf","/nf-instances","{apiRoot}/nnrf-disc/v1"]
  ,["Get","HTTPGetIdTranslationResult","udm","GetIdentityData","udr","/subscription-data/:ueId/identity-data","{apiRoot}/nudr-dr/v1"]
  ,["Get","HTTPGetNssai","udm","SearchNFInstances","nrf","/nf-instances","{apiRoot}/nnrf-disc/v1"]
  ,["Get","HTTPGetNssai","udm","QueryAmData","udr","/subscription-data/:ueId/:servingPlmnId/provisioned-data/am-data","{apiRoot}/nudr-dr/v1"]
  ,["Get","HTTPGetSharedData","udm","SearchNFInstances","nrf","/nf-instances","{apiRoot}/nnrf-disc/v1"]
  ,["Get","HTTPGetSharedData","udm","GetSharedData","udr","/subscription-data/shared-data","{apiRoot}/nudr-dr/v1"]
  ,["Get","HTTPGetSmData","udm","SearchNFInstances","nrf","/nf-instances","{apiRoot}/nnrf-disc/v1"]
  ,["Get","HTTPGetSmData","udm","QuerySmData","udr","/subscription-data/:ueId/:servingPlmnId/provisioned-data/sm-data","{apiRoot}/nudr-dr/v1"]
  ,["Get","HTTPGetSmfSelectData","udm","SearchNFInstances","nrf","/nf-instances","{apiRoot}/nnrf-disc/v1"]
  ,["Get","HTTPGetSmfSelectData","udm","QuerySmfSelectData","udr","/subscription-data/:ueId/:servingPlmnId/provisioned-data/smf-selection-subscription-data","{apiRoot}/nudr-dr/v1"]
  ,["Get","HTTPGetSupi","udm","SearchNFInstances","nrf","/nf-instances","{apiRoot}/nnrf-disc/v1"]
  ,["Get","HTTPGetSupi","udm","QueryAmData","udr","/subscription-data/:ueId/:servingPlmnId/provisioned-data/am-data","{apiRoot}/nudr-dr/v1"]
  ,["Get","HTTPGetSupi","udm","QuerySmfRegList","udr","/subscription-data/:ueId/context-data/smf-registrations","{apiRoot}/nudr-dr/v1"]
  ,["Get","HTTPGetSupi","udm","QuerySmfSelectData","udr","/subscription-data/:ueId/:servingPlmnId/provisioned-data/smf-selection-subscription-data","{apiRoot}/nudr-dr/v1"]
  ,["Get","HTTPGetSupi","udm","QuerySmData","udr","/subscription-data/:ueId/:servingPlmnId/provisioned-data/sm-data","{apiRoot}/nudr-dr/v1"]
  ,["Get","HTTPGetSupi","udm","QueryTraceData","udr","/subscription-data/:ueId/:servingPlmnId/provisioned-data/trace-data","{apiRoot}/nudr-dr/v1"]
  ,["Get","HTTPGetTraceData","udm","SearchNFInstances","nrf","/nf-instances","{apiRoot}/nnrf-disc/v1"]
  ,["Get","HTTPGetTraceData","udm","QueryTraceData","udr","/subscription-data/:ueId/:servingPlmnId/provisioned-data/trace-data","{apiRoot}/nudr-dr/v1"]
  ,["Get","HTTPGetUeContextInSmfData","udm","SearchNFInstances","nrf","/nf-instances","{apiRoot}/nnrf-disc/v1"]
  ,["Get","HTTPGetUeContextInSmfData","udm","QuerySmfRegList","udr","/subscription-data/:ueId/context-data/smf-registrations","{apiRoot}/nudr-dr/v1"]
  ,["Get","HTTPModify","udm","SearchNFInstances","nrf","/nf-instances","{apiRoot}/nnrf-disc/v1"]
  ,["Get","HTTPModifyForSharedData","udm","SearchNFInstances","nrf","/nf-instances","{apiRoot}/nnrf-disc/v1"]
  ,["Get","HTTPSubscribe","udm","SearchNFInstances","nrf","/nf-instances","{apiRoot}/nnrf-disc/v1"]
  ,["Get","HTTPUnsubscribe","udm","SearchNFInstances","nrf","/nf-instances","{apiRoot}/nnrf-disc/v1"]
  ,["Get","HTTPConfirmAuth","udm","SearchNFInstances","nrf","/nf-instances","{apiRoot}/nnrf-disc/v1"]
  ,["Get","HttpGenerateAuthData","udm","SearchNFInstances","nrf","/nf-instances","{apiRoot}/nnrf-disc/v1"]
  ,["Get","HttpGenerateAuthData","udm","QueryAuthSubsData","udr","/subscription-data/:ueId/authentication-data/authentication-subscription","{apiRoot}/nudr-dr/v1"]
  ,["Get","HTTPDeregistrationSmfRegistrations","udm","SearchNFInstances","nrf","/nf-instances","{apiRoot}/nnrf-disc/v1"]
  ,["Get","HTTPGetAmf3gppAccess","udm","SearchNFInstances","nrf","/nf-instances","{apiRoot}/nnrf-disc/v1"]
  ,["Get","HTTPGetAmf3gppAccess","udm","QueryAmfContext3gpp","udr","/subscription-data/:ueId/context-data/amf-3gpp-access","{apiRoot}/nudr-dr/v1"]
  ,["Get","HTTPGetAmfNon3gppAccess","udm","SearchNFInstances","nrf","/nf-instances","{apiRoot}/nnrf-disc/v1"]
  ,["Get","HTTPGetAmfNon3gppAccess","udm","QueryAmfContextNon3gpp","udr","/subscription-data/:ueId/context-data/amf-non-3gpp-access","{apiRoot}/nudr-dr/v1"]
  ,["Get","HTTPRegistrationAmf3gppAccess","udm","SearchNFInstances","nrf","/nf-instances","{apiRoot}/nnrf-disc/v1"]
  ,["Get","HTTPRegistrationAmfNon3gppAccess","udm","SearchNFInstances","nrf","/nf-instances","{apiRoot}/nnrf-disc/v1"]
  ,["Get","HTTPRegistrationSmfRegistrations","udm","SearchNFInstances","nrf","/nf-instances","{apiRoot}/nnrf-disc/v1"]
  ,["Get","HTTPUpdateAmf3gppAccess","udm","SearchNFInstances","nrf","/nf-instances","{apiRoot}/nnrf-disc/v1"]
  ,["Get","HTTPUpdateAmfNon3gppAccess","udm","SearchNFInstances","nrf","/nf-instances","{apiRoot}/nnrf-disc/v1"]
  ,["Delete","Start","pcf","DeregisterNFInstance","nrf","/nf-instances/:nfInstanceID","{apiRoot}/nnrf-nfm/v1"]
  ,["Delete","Terminate","udr","DeregisterNFInstance","nrf","/nf-instances/:nfInstanceID","{apiRoot}/nnrf-nfm/v1"]
  ,["Delete","Terminate","amf","DeregisterNFInstance","nrf","/nf-instances/:nfInstanceID","{apiRoot}/nnrf-nfm/v1"]
  ,["Delete","Terminate","ausf","DeregisterNFInstance","nrf","/nf-instances/:nfInstanceID","{apiRoot}/nnrf-nfm/v1"]
  ,["Delete","Terminate","nssf","DeregisterNFInstance","nrf","/nf-instances/:nfInstanceID","{apiRoot}/nnrf-nfm/v1"]
  ,["Delete","Terminate","pcf","DeregisterNFInstance","nrf","/nf-instances/:nfInstanceID","{apiRoot}/nnrf-nfm/v1"]
  ,["Delete","Terminate","smf","DeregisterNFInstance","nrf","/nf-instances/:nfInstanceID","{apiRoot}/nnrf-nfm/v1"]
  ,["Delete","Terminate","udm","DeregisterNFInstance","nrf","/nf-instances/:nfInstanceID","{apiRoot}/nnrf-nfm/v1"]
  ,["Delete","Authentication","amf","PoliciesPolAssoIdDelete","pcf","/policies/:polAssoId","{apiRoot}/npcf-am-policy-control/v1"]
  ,["Delete","ContextSetup","amf","PoliciesPolAssoIdDelete","pcf","/policies/:polAssoId","{apiRoot}/npcf-am-policy-control/v1"]
  ,["Delete","Registered","amf","PoliciesPolAssoIdDelete","pcf","/policies/:polAssoId","{apiRoot}/npcf-am-policy-control/v1"]
  ,["Delete","SecurityMode","amf","PoliciesPolAssoIdDelete","pcf","/policies/:polAssoId","{apiRoot}/npcf-am-policy-control/v1"]
  ,["Delete","PoliciesPolAssoIdDelete","amf","PoliciesPolAssoIdDelete","pcf","/policies/:polAssoId","{apiRoot}/npcf-am-policy-control/v1"]
  ,["Delete","DeRegistered","amf","PoliciesPolAssoIdDelete","pcf","/policies/:polAssoId","{apiRoot}/npcf-am-policy-control/v1"]
  ,["Delete","DeregisteredInitiated","amf","PoliciesPolAssoIdDelete","pcf","/policies/:polAssoId","{apiRoot}/npcf-am-policy-control/v1"]
  ,["Delete","HTTPNfSubscriptionStatusNotify","amf","RemoveSubscription","nrf","/subscriptions/:subscriptionID","{apiRoot}/nnrf-nfm/v1"]
  ,["Delete","HTTPUnsubscribe","udm","RemovesdmSubscriptions","udr","/subscription-data/:ueId/context-data/sdm-subscriptions/:subsId","{apiRoot}/nudr-dr/v1"]
  ,["Delete","HTTPUnsubscribeForSharedData","udm","UnsubscribeForSharedData","udm","/shared-data-subscriptions/:subscriptionId","{apiRoot}/nudm-sdm/v1"]
  ,["Delete","HTTPDeregistrationSmfRegistrations","udm","DeleteSmfContext","udr","/subscription-data/:ueId/context-data/smf-registrations/:pduSessionId","{apiRoot}/nudr-dr/v1"]
  ,["Patch","HTTPUpdate","udm","ModifyPpData","udr","/subscription-data/:ueId/pp-data","{apiRoot}/nudr-dr/v1"]
  ,["Patch","HttpGenerateAuthData","udm","ModifyAuthentication","udr","/subscription-data/:ueId/authentication-data/authentication-subscription","{apiRoot}/nudr-dr/v1"]
  ,["Patch","HTTPUpdateAmf3gppAccess","udm","AmfContext3gpp","udr","/subscription-data/:ueId/context-data/amf-3gpp-access","{apiRoot}/nudr-dr/v1"]
  ,["Patch","HTTPUpdateAmfNon3gppAccess","udm","AmfContextNon3gpp","udr","/subscription-data/:ueId/context-data/amf-non-3gpp-access","{apiRoot}/nudr-dr/v1"]
  ,["Post","Authentication","amf","EapAuthMethod","ausf","/ue-authentications/:authCtxId/eap-session","{apiRoot}/nausf-auth/v1"]
  ,["Post","Authentication","amf","UeAuthenticationsPost","ausf","/ue-authentications","{apiRoot}/nausf-auth/v1"]
  ,["Post","Authentication","amf","CreateSubscription","nrf","/subscriptions","{apiRoot}/nnrf-nfm/v1"]
  ,["Post","ContextSetup","amf","RegistrationStatusUpdate","amf","/ue-contexts/:ueContextId/transfer-update","{apiRoot}/namf-comm/v1"]
  ,["Post","ContextSetup","amf","Subscribe","udm","/:supi/sdm-subscriptions","{apiRoot}/nudm-sdm/v1"]
  ,["Post","ContextSetup","amf","CreateSubscription","nrf","/subscriptions","{apiRoot}/nnrf-nfm/v1"]
  ,["Post","ContextSetup","amf","PoliciesPolAssoIdUpdatePost","pcf","/policies/:polAssoId/update","{apiRoot}/npcf-am-policy-control/v1"]
  ,["Post","ContextSetup","amf","PoliciesPost","pcf","/policies","{apiRoot}/npcf-am-policy-control/v1"]
  ,["Post","ContextSetup","amf","ReleaseSmContext","smf","/sm-contexts/:smContextRef/release","{apiRoot}/nsmf-pdusession/v1"]
  ,["Post","ContextSetup","amf","UpdateSmContext","smf","/sm-contexts/:smContextRef/modify","{apiRoot}/nsmf-pdusession/v1"]
  ,["Post","Registered","amf","UEContextTransfer","amf","/ue-contexts/:ueContextId/transfer","{apiRoot}/namf-comm/v1"]
  ,["Post","Registered","amf","CreateSubscription","nrf","/subscriptions","{apiRoot}/nnrf-nfm/v1"]
  ,["Post","Registered","amf","ReleaseSmContext","smf","/sm-contexts/:smContextRef/release","{apiRoot}/nsmf-pdusession/v1"]
  ,["Post","Registered","amf","UpdateSmContext","smf","/sm-contexts/:smContextRef/modify","{apiRoot}/nsmf-pdusession/v1"]
  ,["Post","Registered","amf","PostSmContexts","smf","/sm-contexts","{apiRoot}/nsmf-pdusession/v1"]
  ,["Post","PoliciesPolAssoIdUpdatePost","amf","PoliciesPolAssoIdUpdatePost","pcf","/policies/:polAssoId/update","{apiRoot}/npcf-am-policy-control/v1"]
  ,["Post","PoliciesPost","amf","PoliciesPost","pcf","/policies","{apiRoot}/npcf-am-policy-control/v1"]
  ,["Post","DeRegistered","amf","UEContextTransfer","amf","/ue-contexts/:ueContextId/transfer","{apiRoot}/namf-comm/v1"]
  ,["Post","DeRegistered","amf","CreateSubscription","nrf","/subscriptions","{apiRoot}/nnrf-nfm/v1"]
  ,["Post","DeRegistered","amf","UpdateSmContext","smf","/sm-contexts/:smContextRef/modify","{apiRoot}/nsmf-pdusession/v1"]
  ,["Post","HTTPEapAuthMethod","ausf","ConfirmAuth","udm","/:supi/auth-events","{apiRoot}/nudm-ueau/v1"]
  ,["Post","HTTPUeAuthenticationsAuthCtxID5gAkaConfirmationPut","ausf","ConfirmAuth","udm","/:supi/auth-events","{apiRoot}/nudm-ueau/v1"]
  ,["Post","HTTPUeAuthenticationsPost","ausf","GenerateAuthData","udm","/:supiOrSuci/security-information/generate-auth-data","{apiRoot}/nudm-ueau/v1"]
  ,["Post","HTTPPoliciesPost","pcf","AMFStatusChangeSubscribe","amf","/subscriptions","{apiRoot}/namf-comm/v1"]
  ,["Post","HTTPSubscribe","udm","CreateSdmSubscriptions","udr","/subscription-data/:ueId/context-data/sdm-subscriptions","{apiRoot}/nudr-dr/v1"]
  ,["Post","HTTPSubscribeToSharedData","udm","SubscribeToSharedData","udm","/shared-data-subscriptions","{apiRoot}/nudm-sdm/v1"]]
 }}
